alpha,beta,m_curricula,m_coincidencia,m_estudiantes,m_previas
1,0,5.061044274582425,4.257162703225768,645.85,6.735582699558847
1,0.25,4.4581825405146995,4.540231944484989,728.8,6.255467316671405
1,0.5,4.700795586059988,4.241907620647676,718.7,5.617086457287585
1,0.75,4.551872956523527,3.736808129797423,669.5833333333334,4.350740561531587
1,1,4.17840253384351,4.812524104272948,714.2,5.9581467422474965
